fid,DN,X_Coord,Y_Coord
"1","55",,
"2","51",,
"3","53",,
"4","52",,
"5","52",,
"6","55",,
"7","52",,
"8","50",,
"9","52",,
"10","51",,
"11","52",,
"12","51",,
"13","51",,
"14","52",,
"15","52",,
"16","51",,
"17","50",,
"18","51",,
"19","52",,
"20","51",,
"21","53",,
"22","53",,
"23","51",,
"24","52",,
"25","51",,
"26","52",,
"27","52",,
"28","52",,
"29","53",,
"30","50",,
"31","53",,
"32","52",,
"33","55",,
"34","56",,
"35","51",,
"36","50",,
"37","56",,
"38","57",,
"39","50",,
"40","54",,
"41","56",,
"42","55",,
"43","52",,
"44","53",,
"45","52",,
"46","53",,
"47","52",,
"48","50",,
"49","51",,
"50","52",,
"51","52",,
"52","52",,
"53","51",,
"54","52",,
"55","51",,
"56","52",,
"57","52",,
"58","51",,
"59","52",,
"60","58",,
"61","52",,
"62","52",,
"63","51",,
"64","51",,
"65","57",,
"66","56",,
"67","55",,
"68","53",,
"69","54",,
"70","50",,
"71","51",,
"72","52",,
"73","51",,
"74","53",,
"75","60",,
"76","59",,
"77","52",,
"78","52",,
"79","53",,
"80","54",,
"81","57",,
"82","56",,
"83","55",,
"84","51",,
"85","51",,
"86","50",,
"87","51",,
"88","61",,
"89","61",,
"90","60",,
"91","55",,
"92","57",,
"93","56",,
"94","54",,
"95","52",,
"96","54",,
"97","59",,
"98","59",,
"99","58",,
"100","52",,
"101","55",,
"102","56",,
"103","57",,
"104","58",,
"105","62",,
"106","60",,
"107","58",,
"108","54",,
"109","59",,
"110","60",,
"111","61",,
"112","59",,
"113","54",,
"114","54",,
"115","52",,
"116","51",,
"117","52",,
"118","53",,
"119","56",,
"120","58",,
"121","59",,
"122","53",,
"123","57",,
"124","58",,
"125","60",,
"126","53",,
"127","52",,
"128","52",,
"129","57",,
"130","53",,
"131","51",,
"132","50",,
"133","51",,
"134","59",,
"135","55",,
"136","50",,
"137","61",,
"138","60",,
"139","59",,
"140","52",,
"141","51",,
"142","58",,
"143","57",,
"144","53",,
"145","51",,
"146","56",,
"147","59",,
"148","58",,
"149","51",,
"150","52",,
"151","54",,
"152","60",,
"153","54",,
"154","53",,
"155","54",,
"156","58",,
"157","59",,
"158","60",,
"159","59",,
"160","50",,
"161","56",,
"162","52",,
"163","58",,
"164","50",,
"165","50",,
"166","54",,
"167","59",,
"168","56",,
"169","55",,
"170","54",,
"171","58",,
"172","57",,
"173","53",,
"174","52",,
"175","51",,
"176","53",,
"177","52",,
"178","52",,
"179","51",,
"180","51",,
"181","51",,
"182","56",,
"183","51",,
"184","52",,
"185","52",,
"186","52",,
"187","53",,
"188","53",,
"189","52",,
"190","53",,
"191","51",,
"192","52",,
"193","57",,
"194","51",,
"195","51",,
"196","50",,
"197","52",,
"198","56",,
"199","59",,
"200","58",,
"201","54",,
"202","53",,
"203","56",,
"204","55",,
"205","53",,
"206","52",,
"207","56",,
"208","57",,
"209","58",,
"210","57",,
"211","59",,
"212","61",,
"213","60",,
"214","56",,
"215","57",,
"216","56",,
"217","56",,
"218","57",,
"219","59",,
"220","53",,
"221","54",,
"222","56",,
"223","57",,
"224","59",,
"225","60",,
"226","59",,
"227","58",,
"228","59",,
"229","60",,
"230","59",,
"231","60",,
"232","58",,
"233","53",,
"234","53",,
"235","56",,
"236","55",,
"237","54",,
"238","52",,
"239","58",,
"240","61",,
"241","63",,
"242","61",,
"243","59",,
"244","59",,
"245","60",,
"246","54",,
"247","54",,
"248","54",,
"249","53",,
"250","54",,
"251","55",,
"252","60",,
"253","61",,
"254","62",,
"255","61",,
"256","60",,
"257","53",,
"258","56",,
"259","56",,
"260","58",,
"261","56",,
"262","54",,
"263","52",,
"264","53",,
"265","57",,
"266","58",,
"267","57",,
"268","55",,
"269","54",,
"270","53",,
"271","57",,
"272","59",,
"273","62",,
"274","65",,
"275","64",,
"276","62",,
"277","60",,
"278","59",,
"279","59",,
"280","59",,
"281","54",,
"282","56",,
"283","53",,
"284","53",,
"285","51",,
"286","56",,
"287","59",,
"288","61",,
"289","60",,
"290","57",,
"291","55",,
"292","54",,
"293","53",,
"294","58",,
"295","61",,
"296","63",,
"297","61",,
"298","61",,
"299","60",,
"300","57",,
"301","53",,
"302","52",,
"303","51",,
"304","52",,
"305","53",,
"306","53",,
"307","52",,
"308","51",,
"309","52",,
"310","53",,
"311","55",,
"312","54",,
"313","53",,
"314","55",,
"315","57",,
"316","60",,
"317","63",,
"318","62",,
"319","59",,
"320","56",,
"321","52",,
"322","53",,
"323","59",,
"324","61",,
"325","60",,
"326","59",,
"327","59",,
"328","57",,
"329","54",,
"330","57",,
"331","54",,
"332","58",,
"333","51",,
"334","50",,
"335","51",,
"336","51",,
"337","50",,
"338","51",,
"339","57",,
"340","56",,
"341","59",,
"342","61",,
"343","60",,
"344","58",,
"345","51",,
"346","52",,
"347","57",,
"348","58",,
"349","59",,
"350","56",,
"351","57",,
"352","58",,
"353","57",,
"354","58",,
"355","57",,
"356","52",,
"357","51",,
"358","52",,
"359","52",,
"360","51",,
"361","52",,
"362","57",,
"363","58",,
"364","59",,
"365","60",,
"366","59",,
"367","58",,
"368","57",,
"369","59",,
"370","58",,
"371","54",,
"372","56",,
"373","54",,
"374","58",,
"375","59",,
"376","60",,
"377","59",,
"378","58",,
"379","53",,
"380","53",,
"381","54",,
"382","53",,
"383","54",,
"384","58",,
"385","59",,
"386","60",,
"387","61",,
"388","63",,
"389","62",,
"390","60",,
"391","53",,
"392","57",,
"393","60",,
"394","63",,
"395","61",,
"396","59",,
"397","54",,
"398","53",,
"399","52",,
"400","53",,
"401","53",,
"402","52",,
"403","51",,
"404","52",,
"405","54",,
"406","62",,
"407","65",,
"408","63",,
"409","61",,
"410","58",,
"411","58",,
"412","59",,
"413","60",,
"414","59",,
"415","59",,
"416","61",,
"417","64",,
"418","65",,
"419","62",,
"420","51",,
"421","52",,
"422","50",,
"423","51",,
"424","63",,
"425","62",,
"426","55",,
"427","57",,
"428","53",,
"429","57",,
"430","58",,
"431","53",,
"432","59",,
"433","57",,
"434","57",,
"435","53",,
"436","52",,
"437","53",,
"438","53",,
"439","58",,
"440","59",,
"441","60",,
"442","61",,
"443","60",,
"444","56",,
"445","58",,
"446","59",,
"447","56",,
"448","58",,
"449","59",,
"450","60",,
"451","61",,
"452","60",,
"453","58",,
"454","60",,
"455","62",,
"456","60",,
"457","58",,
"458","56",,
"459","55",,
"460","54",,
"461","53",,
"462","54",,
"463","54",,
"464","53",,
"465","52",,
"466","57",,
"467","58",,
"468","56",,
"469","63",,
"470","62",,
"471","59",,
"472","56",,
"473","52",,
"474","55",,
"475","54",,
"476","62",,
"477","64",,
"478","63",,
"479","58",,
"480","58",,
"481","59",,
"482","58",,
"483","57",,
"484","56",,
"485","55",,
"486","53",,
"487","53",,
"488","53",,
"489","59",,
"490","54",,
"491","53",,
"492","52",,
"493","57",,
"494","58",,
"495","59",,
"496","60",,
"497","61",,
"498","58",,
"499","59",,
"500","61",,
"501","62",,
"502","60",,
"503","59",,
"504","58",,
"505","52",,
"506","51",,
"507","52",,
"508","54",,
"509","53",,
"510","51",,
"511","52",,
"512","53",,
"513","58",,
"514","59",,
"515","60",,
"516","59",,
"517","60",,
"518","63",,
"519","65",,
"520","62",,
"521","60",,
"522","52",,
"523","52",,
"524","53",,
"525","56",,
"526","52",,
"527","50",,
"528","52",,
"529","58",,
"530","60",,
"531","62",,
"532","61",,
"533","59",,
"534","58",,
"535","61",,
"536","62",,
"537","61",,
"538","52",,
"539","53",,
"540","59",,
"541","58",,
"542","57",,
"543","56",,
"544","63",,
"545","62",,
"546","57",,
"547","59",,
"548","60",,
"549","59",,
"550","52",,
"551","51",,
"552","54",,
"553","53",,
"554","59",,
"555","60",,
"556","62",,
"557","61",,
"558","60",,
"559","59",,
"560","58",,
"561","52",,
"562","52",,
"563","56",,
"564","58",,
"565","59",,
"566","60",,
"567","58",,
"568","58",,
"569","52",,
"570","53",,
"571","52",,
"572","53",,
"573","60",,
"574","62",,
"575","63",,
"576","64",,
"577","63",,
"578","62",,
"579","61",,
"580","60",,
"581","59",,
"582","58",,
"583","57",,
"584","53",,
"585","54",,
"586","57",,
"587","56",,
"588","52",,
"589","53",,
"590","56",,
"591","50",,
"592","56",,
"593","58",,
"594","57",,
"595","56",,
"596","53",,
"597","52",,
"598","50",,
"599","52",,
"600","55",,
"601","53",,
"602","58",,
"603","60",,
"604","61",,
"605","63",,
"606","64",,
"607","65",,
"608","66",,
"609","65",,
"610","63",,
"611","62",,
"612","60",,
"613","51",,
"614","53",,
"615","54",,
"616","54",,
"617","53",,
"618","52",,
"619","54",,
"620","53",,
"621","52",,
"622","53",,
"623","57",,
"624","62",,
"625","64",,
"626","66",,
"627","70",,
"628","72",,
"629","69",,
"630","68",,
"631","66",,
"632","64",,
"633","62",,
"634","60",,
"635","53",,
"636","52",,
"637","53",,
"638","55",,
"639","52",,
"640","52",,
"641","51",,
"642","52",,
"643","56",,
"644","54",,
"645","53",,
"646","54",,
"647","59",,
"648","62",,
"649","61",,
"650","61",,
"651","65",,
"652","69",,
"653","77",,
"654","81",,
"655","71",,
"656","69",,
"657","67",,
"658","65",,
"659","61",,
"660","51",,
"661","56",,
"662","53",,
"663","51",,
"664","53",,
"665","54",,
"666","52",,
"667","53",,
"668","55",,
"669","56",,
"670","55",,
"671","56",,
"672","60",,
"673","60",,
"674","75",,
"675","77",,
"676","55",,
"677","56",,
"678","57",,
"679","53",,
"680","52",,
"681","54",,
"682","54",,
"683","64",,
"684","67",,
"685","70",,
"686","71",,
"687","69",,
"688","67",,
"689","66",,
"690","64",,
"691","51",,
"692","53",,
"693","52",,
"694","51",,
"695","54",,
"696","54",,
"697","53",,
"698","55",,
"699","56",,
"700","58",,
"701","60",,
"702","61",,
"703","63",,
"704","65",,
"705","66",,
"706","67",,
"707","66",,
"708","65",,
"709","64",,
"710","63",,
"711","51",,
"712","50",,
"713","54",,
"714","51",,
"715","50",,
"716","51",,
"717","52",,
"718","50",,
"719","51",,
"720","51",,
"721","56",,
"722","55",,
"723","54",,
"724","56",,
"725","58",,
"726","58",,
"727","60",,
"728","62",,
"729","63",,
"730","64",,
"731","63",,
"732","62",,
"733","61",,
"734","51",,
"735","52",,
"736","51",,
"737","54",,
"738","55",,
"739","56",,
"740","58",,
"741","59",,
"742","58",,
"743","59",,
"744","61",,
"745","63",,
"746","65",,
"747","62",,
"748","61",,
"749","61",,
"750","62",,
"751","61",,
"752","59",,
"753","52",,
"754","52",,
"755","51",,
"756","52",,
"757","52",,
"758","60",,
"759","51",,
"760","53",,
"761","53",,
"762","53",,
"763","59",,
"764","61",,
"765","62",,
"766","61",,
"767","60",,
"768","61",,
"769","63",,
"770","68",,
"771","73",,
"772","69",,
"773","65",,
"774","62",,
"775","60",,
"776","61",,
"777","53",,
"778","55",,
"779","54",,
"780","60",,
"781","63",,
"782","66",,
"783","63",,
"784","64",,
"785","69",,
"786","68",,
"787","60",,
"788","52",,
"789","53",,
"790","50",,
"791","51",,
"792","54",,
"793","53",,
"794","52",,
"795","53",,
"796","55",,
"797","62",,
"798","64",,
"799","63",,
"800","65",,
"801","66",,
"802","64",,
"803","52",,
"804","51",,
"805","51",,
"806","51",,
"807","50",,
"808","52",,
"809","52",,
"810","50",,
"811","59",,
"812","60",,
"813","59",,
"814","61",,
"815","62",,
"816","63",,
"817","64",,
"818","63",,
"819","62",,
"820","61",,
"821","50",,
"822","56",,
"823","52",,
"824","51",,
"825","50",,
"826","51",,
"827","50",,
"828","51",,
"829","52",,
"830","53",,
"831","51",,
"832","52",,
"833","53",,
"834","52",,
"835","53",,
"836","55",,
"837","54",,
"838","53",,
"839","54",,
"840","56",,
"841","59",,
"842","60",,
"843","61",,
"844","60",,
"845","61",,
"846","60",,
"847","60",,
"848","63",,
"849","64",,
"850","61",,
"851","53",,
"852","52",,
"853","57",,
"854","56",,
"855","51",,
"856","53",,
"857","52",,
"858","51",,
"859","52",,
"860","50",,
"861","54",,
"862","53",,
"863","51",,
"864","53",,
"865","54",,
"866","57",,
"867","59",,
"868","60",,
"869","61",,
"870","62",,
"871","61",,
"872","62",,
"873","61",,
"874","61",,
"875","61",,
"876","53",,
"877","56",,
"878","59",,
"879","58",,
"880","52",,
"881","53",,
"882","53",,
"883","54",,
"884","55",,
"885","58",,
"886","60",,
"887","61",,
"888","62",,
"889","63",,
"890","64",,
"891","65",,
"892","62",,
"893","60",,
"894","60",,
"895","61",,
"896","58",,
"897","57",,
"898","51",,
"899","58",,
"900","55",,
"901","51",,
"902","53",,
"903","54",,
"904","55",,
"905","58",,
"906","59",,
"907","60",,
"908","59",,
"909","60",,
"910","61",,
"911","62",,
"912","63",,
"913","64",,
"914","65",,
"915","66",,
"916","70",,
"917","71",,
"918","58",,
"919","59",,
"920","60",,
"921","58",,
"922","59",,
"923","52",,
"924","53",,
"925","57",,
"926","53",,
"927","54",,
"928","51",,
"929","56",,
"930","53",,
"931","54",,
"932","56",,
"933","57",,
"934","53",,
"935","57",,
"936","56",,
"937","54",,
"938","55",,
"939","60",,
"940","62",,
"941","63",,
"942","61",,
"943","60",,
"944","61",,
"945","63",,
"946","65",,
"947","66",,
"948","68",,
"949","71",,
"950","73",,
"951","56",,
"952","53",,
"953","58",,
"954","55",,
"955","54",,
"956","56",,
"957","53",,
"958","55",,
"959","54",,
"960","55",,
"961","61",,
"962","63",,
"963","65",,
"964","62",,
"965","61",,
"966","62",,
"967","64",,
"968","67",,
"969","70",,
"970","67",,
"971","69",,
"972","67",,
"973","65",,
"974","58",,
"975","56",,
"976","54",,
"977","53",,
"978","52",,
"979","53",,
"980","54",,
"981","51",,
"982","57",,
"983","54",,
"984","53",,
"985","57",,
"986","56",,
"987","54",,
"988","60",,
"989","62",,
"990","63",,
"991","64",,
"992","66",,
"993","65",,
"994","63",,
"995","62",,
"996","66",,
"997","69",,
"998","66",,
"999","65",,
"1000","64",,
"1001","62",,
"1002","60",,
"1003","56",,
"1004","55",,
"1005","56",,
"1006","52",,
"1007","51",,
"1008","53",,
"1009","54",,
"1010","50",,
"1011","57",,
"1012","58",,
"1013","57",,
"1014","54",,
"1015","57",,
"1016","59",,
"1017","57",,
"1018","56",,
"1019","61",,
"1020","67",,
"1021","73",,
"1022","69",,
"1023","64",,
"1024","64",,
"1025","63",,
"1026","62",,
"1027","61",,
"1028","54",,
"1029","53",,
"1030","55",,
"1031","57",,
"1032","58",,
"1033","59",,
"1034","58",,
"1035","58",,
"1036","57",,
"1037","56",,
"1038","57",,
"1039","56",,
"1040","53",,
"1041","58",,
"1042","61",,
"1043","58",,
"1044","58",,
"1045","61",,
"1046","65",,
"1047","70",,
"1048","67",,
"1049","63",,
"1050","61",,
"1051","62",,
"1052","61",,
"1053","60",,
"1054","58",,
"1055","59",,
"1056","55",,
"1057","53",,
"1058","53",,
"1059","52",,
"1060","57",,
"1061","58",,
"1062","59",,
"1063","61",,
"1064","60",,
"1065","58",,
"1066","58",,
"1067","60",,
"1068","58",,
"1069","53",,
"1070","54",,
"1071","55",,
"1072","57",,
"1073","58",,
"1074","59",,
"1075","57",,
"1076","59",,
"1077","61",,
"1078","63",,
"1079","61",,
"1080","56",,
"1081","57",,
"1082","56",,
"1083","54",,
"1084","53",,
"1085","59",,
"1086","61",,
"1087","63",,
"1088","50",,
"1089","53",,
"1090","56",,
"1091","61",,
"1092","57",,
"1093","56",,
"1094","58",,
"1095","59",,
"1096","60",,
"1097","53",,
"1098","57",,
"1099","58",,
"1100","59",,
"1101","58",,
"1102","58",,
"1103","60",,
"1104","53",,
"1105","54",,
"1106","53",,
"1107","54",,
"1108","60",,
"1109","61",,
"1110","60",,
"1111","59",,
"1112","58",,
"1113","55",,
"1114","55",,
"1115","56",,
"1116","60",,
"1117","54",,
"1118","59",,
"1119","57",,
"1120","56",,
"1121","54",,
"1122","51",,
"1123","53",,
"1124","57",,
"1125","61",,
"1126","62",,
"1127","61",,
"1128","58",,
"1129","55",,
"1130","54",,
"1131","56",,
"1132","56",,
"1133","56",,
"1134","55",,
"1135","56",,
"1136","52",,
"1137","58",,
"1138","59",,
"1139","62",,
"1140","63",,
"1141","65",,
"1142","66",,
"1143","64",,
"1144","62",,
"1145","56",,
"1146","58",,
"1147","54",,
"1148","56",,
"1149","57",,
"1150","58",,
"1151","57",,
"1152","56",,
"1153","53",,
"1154","60",,
"1155","62",,
"1156","64",,
"1157","65",,
"1158","70",,
"1159","73",,
"1160","66",,
"1161","55",,
"1162","52",,
"1163","53",,
"1164","55",,
"1165","56",,
"1166","58",,
"1167","58",,
"1168","59",,
"1169","58",,
"1170","57",,
"1171","54",,
"1172","59",,
"1173","57",,
"1174","59",,
"1175","60",,
"1176","58",,
"1177","62",,
"1178","64",,
"1179","66",,
"1180","74",,
"1181","61",,
"1182","56",,
"1183","54",,
"1184","54",,
"1185","53",,
"1186","55",,
"1187","58",,
"1188","59",,
"1189","60",,
"1190","61",,
"1191","60",,
"1192","59",,
"1193","58",,
"1194","59",,
"1195","60",,
"1196","61",,
"1197","59",,
"1198","52",,
"1199","56",,
"1200","57",,
"1201","53",,
"1202","57",,
"1203","59",,
"1204","67",,
"1205","69",,
"1206","67",,
"1207","66",,
"1208","65",,
"1209","62",,
"1210","59",,
"1211","56",,
"1212","55",,
"1213","55",,
"1214","61",,
"1215","62",,
"1216","63",,
"1217","62",,
"1218","60",,
"1219","53",,
"1220","57",,
"1221","60",,
"1222","62",,
"1223","63",,
"1224","60",,
"1225","57",,
"1226","53",,
"1227","55",,
"1228","56",,
"1229","53",,
"1230","52",,
"1231","56",,
"1232","60",,
"1233","74",,
"1234","72",,
"1235","62",,
"1236","60",,
"1237","57",,
"1238","54",,
"1239","53",,
"1240","54",,
"1241","55",,
"1242","63",,
"1243","64",,
"1244","52",,
"1245","57",,
"1246","59",,
"1247","63",,
"1248","62",,
"1249","61",,
"1250","58",,
"1251","56",,
"1252","54",,
"1253","53",,
"1254","52",,
"1255","54",,
"1256","53",,
"1257","53",,
"1258","58",,
"1259","72",,
"1260","71",,
"1261","69",,
"1262","66",,
"1263","64",,
"1264","59",,
"1265","57",,
"1266","55",,
"1267","54",,
"1268","55",,
"1269","60",,
"1270","62",,
"1271","61",,
"1272","59",,
"1273","57",,
"1274","57",,
"1275","59",,
"1276","60",,
"1277","59",,
"1278","59",,
"1279","60",,
"1280","58",,
"1281","56",,
"1282","52",,
"1283","51",,
"1284","56",,
"1285","55",,
"1286","58",,
"1287","61",,
"1288","66",,
"1289","67",,
"1290","64",,
"1291","61",,
"1292","55",,
"1293","52",,
"1294","59",,
"1295","57",,
"1296","58",,
"1297","53",,
"1298","53",,
"1299","53",,
"1300","52",,
"1301","53",,
"1302","58",,
"1303","59",,
"1304","58",,
"1305","57",,
"1306","54",,
"1307","58",,
"1308","61",,
"1309","62",,
"1310","60",,
"1311","57",,
"1312","58",,
"1313","57",,
"1314","56",,
"1315","54",,
"1316","52",,
"1317","51",,
"1318","52",,
"1319","57",,
"1320","58",,
"1321","56",,
"1322","52",,
"1323","54",,
"1324","53",,
"1325","54",,
"1326","55",,
"1327","54",,
"1328","57",,
"1329","60",,
"1330","63",,
"1331","64",,
"1332","63",,
"1333","61",,
"1334","59",,
"1335","56",,
"1336","55",,
"1337","54",,
"1338","55",,
"1339","56",,
"1340","55",,
"1341","53",,
"1342","50",,
"1343","51",,
"1344","52",,
"1345","51",,
"1346","52",,
"1347","56",,
"1348","57",,
"1349","52",,
"1350","51",,
"1351","52",,
"1352","55",,
"1353","54",,
"1354","52",,
"1355","56",,
"1356","59",,
"1357","60",,
"1358","61",,
"1359","59",,
"1360","57",,
"1361","56",,
"1362","55",,
"1363","53",,
"1364","51",,
"1365","53",,
"1366","54",,
"1367","57",,
"1368","59",,
"1369","58",,
"1370","57",,
"1371","52",,
"1372","55",,
"1373","54",,
"1374","53",,
"1375","54",,
"1376","53",,
"1377","55",,
"1378","58",,
"1379","59",,
"1380","53",,
"1381","54",,
"1382","58",,
"1383","55",,
"1384","54",,
"1385","53",,
"1386","54",,
"1387","55",,
"1388","54",,
"1389","52",,
"1390","50",,
"1391","52",,
"1392","54",,
"1393","57",,
"1394","57",,
"1395","55",,
"1396","53",,
"1397","54",,
"1398","55",,
"1399","55",,
"1400","53",,
"1401","51",,
"1402","52",,
"1403","54",,
"1404","54",,
"1405","53",,
"1406","52",,
"1407","53",,
"1408","55",,
"1409","53",,
"1410","54",,
"1411","53",,
"1412","53",,
"1413","52",,
"1414","53",,
"1415","54",,
"1416","53",,
"1417","54",,
"1418","54",,
"1419","53",,
"1420","54",,
"1421","59",,
"1422","58",,
"1423","57",,
"1424","56",,
"1425","55",,
"1426","54",,
"1427","53",,
"1428","51",,
"1429","52",,
"1430","53",,
"1431","51",,
"1432","52",,
"1433","53",,
"1434","57",,
"1435","58",,
"1436","54",,
"1437","53",,
"1438","54",,
"1439","55",,
"1440","51",,
"1441","52",,
"1442","62",,
"1443","59",,
"1444","58",,
"1445","54",,
"1446","53",,
"1447","52",,
"1448","50",,
"1449","51",,
"1450","52",,
"1451","56",,
"1452","55",,
"1453","56",,
"1454","55",,
"1455","53",,
"1456","53",,
"1457","52",,
"1458","53",,
"1459","52",,
"1460","57",,
"1461","53",,
"1462","54",,
"1463","55",,
"1464","54",,
"1465","55",,
"1466","55",,
"1467","59",,
"1468","60",,
"1469","57",,
"1470","54",,
"1471","58",,
"1472","61",,
"1473","60",,
"1474","54",,
"1475","52",,
"1476","53",,
"1477","56",,
"1478","58",,
"1479","55",,
"1480","53",,
"1481","54",,
"1482","53",,
"1483","50",,
"1484","51",,
"1485","53",,
"1486","51",,
"1487","51",,
"1488","54",,
"1489","57",,
"1490","58",,
"1491","54",,
"1492","53",,
"1493","52",,
"1494","51",,
"1495","53",,
"1496","54",,
"1497","55",,
"1498","54",,
"1499","60",,
"1500","57",,
"1501","54",,
"1502","55",,
"1503","54",,
"1504","57",,
"1505","55",,
"1506","54",,
"1507","53",,
"1508","51",,
"1509","52",,
"1510","52",,
"1511","52",,
"1512","56",,
"1513","54",,
"1514","53",,
"1515","51",,
"1516","53",,
"1517","55",,
"1518","58",,
"1519","56",,
"1520","54",,
"1521","56",,
"1522","61",,
"1523","58",,
"1524","56",,
"1525","57",,
"1526","54",,
"1527","52",,
"1528","54",,
"1529","56",,
"1530","58",,
"1531","53",,
"1532","53",,
"1533","52",,
"1534","53",,
"1535","52",,
"1536","54",,
"1537","58",,
"1538","59",,
"1539","58",,
"1540","60",,
"1541","63",,
"1542","67",,
"1543","60",,
"1544","51",,
"1545","57",,
"1546","55",,
"1547","54",,
"1548","57",,
"1549","54",,
"1550","53",,
"1551","53",,
"1552","54",,
"1553","59",,
"1554","61",,
"1555","55",,
"1556","59",,
"1557","60",,
"1558","58",,
"1559","59",,
"1560","59",,
"1561","56",,
"1562","58",,
"1563","55",,
"1564","53",,
"1565","53",,
"1566","53",,
"1567","54",,
"1568","51",,
"1569","55",,
"1570","57",,
"1571","58",,
"1572","54",,
"1573","55",,
"1574","56",,
"1575","58",,
"1576","59",,
"1577","59",,
"1578","61",,
"1579","62",,
"1580","60",,
"1581","59",,
"1582","57",,
"1583","61",,
"1584","54",,
"1585","55",,
"1586","58",,
"1587","59",,
"1588","60",,
"1589","61",,
"1590","59",,
"1591","58",,
"1592","56",,
"1593","54",,
"1594","57",,
"1595","63",,
"1596","61",,
"1597","58",,
"1598","55",,
"1599","55",,
"1600","54",,
"1601","55",,
"1602","56",,
"1603","63",,
"1604","61",,
"1605","59",,
"1606","59",,
"1607","60",,
"1608","62",,
"1609","64",,
"1610","61",,
"1611","59",,
"1612","60",,
"1613","65",,
"1614","62",,
"1615","59",,
"1616","58",,
"1617","55",,
"1618","54",,
"1619","51",,
"1620","52",,
"1621","60",,
"1622","61",,
"1623","60",,
"1624","59",,
"1625","62",,
"1626","60",,
"1627","59",,
"1628","60",,
"1629","58",,
"1630","60",,
"1631","59",,
"1632","52",,
"1633","53",,
"1634","59",,
"1635","58",,
"1636","58",,
"1637","58",,
"1638","59",,
"1639","61",,
"1640","62",,
"1641","61",,
"1642","60",,
"1643","59",,
"1644","58",,
"1645","54",,
"1646","52",,
"1647","53",,
"1648","57",,
"1649","60",,
"1650","60",,
"1651","59",,
"1652","53",,
"1653","51",,
"1654","55",,
"1655","58",,
"1656","61",,
"1657","62",,
"1658","63",,
"1659","62",,
"1660","61",,
"1661","59",,
"1662","53",,
"1663","54",,
"1664","54",,
"1665","56",,
"1666","55",,
"1667","56",,
"1668","61",,
"1669","62",,
"1670","64",,
"1671","66",,
"1672","67",,
"1673","66",,
"1674","64",,
"1675","62",,
"1676","61",,
"1677","52",,
"1678","51",,
"1679","52",,
"1680","53",,
"1681","52",,
"1682","54",,
"1683","52",,
"1684","54",,
"1685","53",,
"1686","52",,
"1687","54",,
"1688","55",,
"1689","54",,
"1690","55",,
"1691","63",,
"1692","66",,
"1693","70",,
"1694","71",,
"1695","69",,
"1696","65",,
"1697","63",,
"1698","50",,
"1699","51",,
"1700","51",,
"1701","54",,
"1702","53",,
"1703","54",,
"1704","53",,
"1705","51",,
"1706","50",,
"1707","52",,
"1708","53",,
"1709","56",,
"1710","59",,
"1711","55",,
"1712","62",,
"1713","64",,
"1714","67",,
"1715","72",,
"1716","66",,
"1717","62",,
"1718","53",,
"1719","52",,
"1720","52",,
"1721","55",,
"1722","52",,
"1723","57",,
"1724","59",,
"1725","61",,
"1726","60",,
"1727","59",,
"1728","55",,
"1729","54",,
"1730","61",,
"1731","63",,
"1732","66",,
"1733","68",,
"1734","69",,
"1735","67",,
"1736","65",,
"1737","61",,
"1738","53",,
"1739","53",,
"1740","54",,
"1741","53",,
"1742","55",,
"1743","52",,
"1744","58",,
"1745","59",,
"1746","60",,
"1747","63",,
"1748","64",,
"1749","61",,
"1750","62",,
"1751","64",,
"1752","65",,
"1753","66",,
"1754","65",,
"1755","63",,
"1756","62",,
"1757","55",,
"1758","53",,
"1759","53",,
"1760","52",,
"1761","50",,
"1762","54",,
"1763","53",,
"1764","60",,
"1765","62",,
"1766","60",,
"1767","61",,
"1768","62",,
"1769","63",,
"1770","62",,
"1771","61",,
"1772","60",,
"1773","57",,
"1774","60",,
"1775","55",,
"1776","56",,
"1777","53",,
"1778","54",,
"1779","53",,
"1780","52",,
"1781","54",,
"1782","55",,
"1783","51",,
"1784","52",,
"1785","54",,
"1786","59",,
"1787","58",,
"1788","53",,
"1789","53",,
"1790","52",,
"1791","55",,
"1792","57",,
"1793","58",,
"1794","53",,
"1795","60",,
"1796","59",,
"1797","61",,
"1798","60",,
"1799","53",,
"1800","53",,
"1801","55",,
"1802","57",,
"1803","58",,
"1804","57",,
"1805","59",,
"1806","53",,
"1807","56",,
"1808","57",,
"1809","57",,
"1810","59",,
"1811","60",,
"1812","57",,
"1813","59",,
"1814","58",,
"1815","57",,
"1816","58",,
"1817","60",,
"1818","61",,
"1819","62",,
"1820","61",,
"1821","60",,
"1822","60",,
"1823","55",,
"1824","58",,
"1825","60",,
"1826","54",,
"1827","55",,
"1828","53",,
"1829","55",,
"1830","61",,
"1831","63",,
"1832","62",,
"1833","61",,
"1834","60",,
"1835","54",,
"1836","53",,
"1837","56",,
"1838","61",,
"1839","60",,
"1840","56",,
"1841","56",,
"1842","58",,
"1843","54",,
"1844","57",,
"1845","62",,
"1846","64",,
"1847","66",,
"1848","67",,
"1849","64",,
"1850","63",,
"1851","54",,
"1852","56",,
"1853","62",,
"1854","63",,
"1855","64",,
"1856","63",,
"1857","62",,
"1858","53",,
"1859","54",,
"1860","55",,
"1861","57",,
"1862","52",,
"1863","53",,
"1864","54",,
"1865","58",,
"1866","61",,
"1867","70",,
"1868","65",,
"1869","64",,
"1870","62",,
"1871","55",,
"1872","55",,
"1873","61",,
"1874","63",,
"1875","66",,
"1876","68",,
"1877","66",,
"1878","63",,
"1879","61",,
"1880","60",,
"1881","54",,
"1882","52",,
"1883","50",,
"1884","51",,
"1885","55",,
"1886","55",,
"1887","55",,
"1888","62",,
"1889","66",,
"1890","63",,
"1891","55",,
"1892","54",,
"1893","55",,
"1894","62",,
"1895","64",,
"1896","68",,
"1897","71",,
"1898","68",,
"1899","64",,
"1900","54",,
"1901","57",,
"1902","59",,
"1903","56",,
"1904","55",,
"1905","57",,
"1906","57",,
"1907","61",,
"1908","60",,
"1909","53",,
"1910","58",,
"1911","58",,
"1912","59",,
"1913","53",,
"1914","52",,
"1915","56",,
"1916","54",,
"1917","55",,
"1918","56",,
"1919","53",,
"1920","54",,
"1921","59",,
"1922","61",,
"1923","52",,
"1924","53",,
"1925","61",,
"1926","64",,
"1927","63",,
"1928","62",,
"1929","54",,
"1930","52",,
"1931","54",,
"1932","59",,
"1933","61",,
"1934","63",,
"1935","66",,
"1936","68",,
"1937","66",,
"1938","63",,
"1939","60",,
"1940","59",,
"1941","53",,
"1942","57",,
"1943","57",,
"1944","58",,
"1945","57",,
"1946","51",,
"1947","53",,
"1948","54",,
"1949","56",,
"1950","55",,
"1951","62",,
"1952","63",,
"1953","62",,
"1954","59",,
"1955","58",,
"1956","53",,
"1957","50",,
"1958","54",,
"1959","55",,
"1960","58",,
"1961","56",,
"1962","62",,
"1963","63",,
"1964","61",,
"1965","59",,
"1966","58",,
"1967","60",,
"1968","55",,
"1969","53",,
"1970","57",,
"1971","58",,
"1972","60",,
"1973","59",,
"1974","58",,
"1975","54",,
"1976","52",,
"1977","51",,
"1978","53",,
"1979","56",,
"1980","60",,
"1981","61",,
"1982","60",,
"1983","55",,
"1984","53",,
"1985","54",,
"1986","55",,
"1987","55",,
"1988","56",,
"1989","58",,
"1990","59",,
"1991","58",,
"1992","59",,
"1993","60",,
"1994","61",,
"1995","60",,
"1996","59",,
"1997","57",,
"1998","56",,
"1999","60",,
"2000","61",,
"2001","60",,
"2002","56",,
"2003","59",,
"2004","61",,
"2005","59",,
"2006","53",,
"2007","52",,
"2008","53",,
"2009","54",,
"2010","54",,
"2011","51",,
"2012","55",,
"2013","60",,
"2014","59",,
"2015","58",,
"2016","55",,
"2017","57",,
"2018","58",,
"2019","59",,
"2020","61",,
"2021","62",,
"2022","65",,
"2023","67",,
"2024","66",,
"2025","64",,
"2026","62",,
"2027","58",,
"2028","56",,
"2029","54",,
"2030","55",,
"2031","56",,
"2032","57",,
"2033","56",,
"2034","55",,
"2035","56",,
"2036","58",,
"2037","52",,
"2038","56",,
"2039","55",,
"2040","56",,
"2041","58",,
"2042","57",,
"2043","59",,
"2044","60",,
"2045","63",,
"2046","66",,
"2047","72",,
"2048","69",,
"2049","65",,
"2050","63",,
"2051","62",,
"2052","57",,
"2053","58",,
"2054","51",,
"2055","54",,
"2056","58",,
"2057","55",,
"2058","56",,
"2059","58",,
"2060","57",,
"2061","59",,
"2062","67",,
"2063","66",,
"2064","57",,
"2065","56",,
"2066","58",,
"2067","57",,
"2068","58",,
"2069","59",,
"2070","60",,
"2071","57",,
"2072","56",,
"2073","55",,
"2074","58",,
"2075","65",,
"2076","68",,
"2077","67",,
"2078","65",,
"2079","62",,
"2080","61",,
"2081","60",,
"2082","53",,
"2083","60",,
"2084","64",,
"2085","65",,
"2086","63",,
"2087","55",,
"2088","58",,
"2089","59",,
"2090","57",,
"2091","58",,
"2092","61",,
"2093","59",,
"2094","59",,
"2095","60",,
"2096","62",,
"2097","63",,
"2098","55",,
"2099","54",,
"2100","54",,
"2101","54",,
"2102","53",,
"2103","56",,
"2104","62",,
"2105","61",,
"2106","65",,
"2107","62",,
"2108","60",,
"2109","61",,
"2110","62",,
"2111","61",,
"2112","60",,
"2113","57",,
"2114","56",,
"2115","55",,
"2116","54",,
"2117","53",,
"2118","54",,
"2119","55",,
"2120","61",,
"2121","61",,
"2122","63",,
"2123","62",,
"2124","64",,
"2125","61",,
"2126","58",,
"2127","61",,
"2128","63",,
"2129","66",,
"2130","65",,
"2131","62",,
"2132","52",,
"2133","55",,
"2134","56",,
"2135","61",,
"2136","62",,
"2137","63",,
"2138","62",,
"2139","61",,
"2140","62",,
"2141","62",,
"2142","60",,
"2143","60",,
"2144","59",,
"2145","53",,
"2146","52",,
"2147","62",,
"2148","66",,
"2149","72",,
"2150","70",,
"2151","64",,
"2152","60",,
"2153","54",,
"2154","55",,
"2155","54",,
"2156","51",,
"2157","54",,
"2158","57",,
"2159","60",,
"2160","63",,
"2161","67",,
"2162","66",,
"2163","63",,
"2164","62",,
"2165","59",,
"2166","60",,
"2167","61",,
"2168","71",,
"2169","53",,
"2170","56",,
"2171","55",,
"2172","54",,
"2173","56",,
"2174","58",,
"2175","59",,
"2176","64",,
"2177","68",,
"2178","58",,
"2179","59",,
"2180","60",,
"2181","59",,
"2182","57",,
"2183","58",,
"2184","64",,
"2185","65",,
"2186","62",,
"2187","55",,
"2188","56",,
"2189","57",,
"2190","58",,
"2191","59",,
"2192","60",,
"2193","61",,
"2194","63",,
"2195","64",,
"2196","61",,
"2197","57",,
"2198","59",,
"2199","58",,
"2200","55",,
"2201","56",,
"2202","54",,
"2203","52",,
"2204","62",,
"2205","61",,
"2206","58",,
"2207","56",,
"2208","58",,
"2209","61",,
"2210","63",,
"2211","62",,
"2212","56",,
"2213","55",,
"2214","54",,
"2215","55",,
"2216","56",,
"2217","57",,
"2218","58",,
"2219","53",,
"2220","54",,
"2221","55",,
"2222","60",,
"2223","56",,
"2224","59",,
"2225","64",,
"2226","70",,
"2227","68",,
"2228","64",,
"2229","55",,
"2230","52",,
"2231","50",,
"2232","54",,
"2233","56",,
"2234","66",,
"2235","73",,
"2236","70",,
"2237","65",,
"2238","63",,
"2239","57",,
"2240","59",,
"2241","55",,
"2242","57",,
"2243","53",,
"2244","51",,
"2245","52",,
"2246","55",,
"2247","59",,
"2248","60",,
"2249","58",,
"2250","59",,
"2251","58",,
"2252","60",,
"2253","58",,
"2254","61",,
"2255","59",,
"2256","56",,
"2257","53",,
"2258","52",,
"2259","55",,
"2260","61",,
"2261","62",,
"2262","56",,
"2263","55",,
"2264","54",,
"2265","55",,
"2266","56",,
"2267","58",,
"2268","64",,
"2269","68",,
"2270","67",,
"2271","64",,
"2272","62",,
"2273","54",,
"2274","53",,
"2275","54",,
"2276","58",,
"2277","59",,
"2278","55",,
"2279","56",,
"2280","58",,
"2281","59",,
"2282","61",,
"2283","62",,
"2284","63",,
"2285","64",,
"2286","63",,
"2287","62",,
"2288","54",,
"2289","52",,
"2290","54",,
"2291","62",,
"2292","63",,
"2293","62",,
"2294","54",,
"2295","55",,
"2296","54",,
"2297","55",,
"2298","57",,
"2299","58",,
"2300","59",,
"2301","61",,
"2302","63",,
"2303","64",,
"2304","65",,
"2305","66",,
"2306","65",,
"2307","64",,
"2308","62",,
"2309","53",,
"2310","61",,
"2311","53",,
"2312","54",,
"2313","53",,
"2314","55",,
"2315","64",,
"2316","66",,
"2317","69",,
"2318","71",,
"2319","70",,
"2320","67",,
"2321","65",,
"2322","63",,
"2323","62",,
"2324","61",,
"2325","57",,
"2326","56",,
"2327","55",,
"2328","56",,
"2329","60",,
"2330","53",,
"2331","51",,
"2332","50",,
"2333","52",,
"2334","54",,
"2335","56",,
"2336","59",,
"2337","60",,
"2338","59",,
"2339","58",,
"2340","60",,
"2341","65",,
"2342","68",,
"2343","72",,
"2344","77",,
"2345","74",,
"2346","70",,
"2347","66",,
"2348","64",,
"2349","52",,
"2350","51",,
"2351","53",,
"2352","57",,
"2353","59",,
"2354","61",,
"2355","60",,
"2356","62",,
"2357","67",,
"2358","71",,
"2359","73",,
"2360","76",,
"2361","53",,
"2362","59",,
"2363","61",,
"2364","62",,
"2365","63",,
"2366","67",,
"2367","71",,
"2368","74",,
"2369","74",,
"2370","72",,
"2371","54",,
"2372","56",,
"2373","61",,
"2374","62",,
"2375","63",,
"2376","64",,
"2377","65",,
"2378","68",,
"2379","72",,
"2380","63",,
"2381","67",,
"2382","65",,
"2383","58",,
"2384","54",,
"2385","58",,
"2386","60",,
"2387","76",,
"2388","71",,
"2389","69",,
"2390","53",,
"2391","50",,
"2392","52",,
"2393","61",,
"2394","62",,
"2395","63",,
"2396","67",,
"2397","70",,
"2398","76",,
"2399","81",,
"2400","80",,
"2401","73",,
"2402","57",,
"2403","52",,
"2404","53",,
"2405","59",,
"2406","60",,
"2407","61",,
"2408","60",,
"2409","61",,
"2410","62",,
"2411","63",,
"2412","64",,
"2413","71",,
"2414","75",,
"2415","79",,
"2416","72",,
"2417","70",,
"2418","68",,
"2419","66",,
"2420","58",,
"2421","53",,
"2422","54",,
"2423","60",,
"2424","62",,
"2425","63",,
"2426","62",,
"2427","60",,
"2428","63",,
"2429","65",,
"2430","66",,
"2431","69",,
"2432","73",,
"2433","75",,
"2434","73",,
"2435","71",,
"2436","69",,
"2437","67",,
"2438","64",,
"2439","53",,
"2440","52",,
"2441","53",,
"2442","58",,
"2443","59",,
"2444","56",,
"2445","55",,
"2446","56",,
"2447","64",,
"2448","62",,
"2449","66",,
"2450","68",,
"2451","70",,
"2452","71",,
"2453","70",,
"2454","69",,
"2455","68",,
"2456","66",,
"2457","65",,
"2458","54",,
"2459","52",,
"2460","51",,
"2461","52",,
"2462","54",,
"2463","57",,
"2464","59",,
"2465","61",,
"2466","60",,
"2467","58",,
"2468","56",,
"2469","59",,
"2470","58",,
"2471","55",,
"2472","53",,
"2473","55",,
"2474","57",,
"2475","59",,
"2476","61",,
"2477","64",,
"2478","65",,
"2479","66",,
"2480","68",,
"2481","69",,
"2482","68",,
"2483","67",,
"2484","66",,
"2485","65",,
"2486","64",,
"2487","53",,
"2488","52",,
"2489","53",,
"2490","58",,
"2491","60",,
"2492","59",,
"2493","57",,
"2494","57",,
"2495","55",,
"2496","58",,
"2497","60",,
"2498","56",,
"2499","59",,
"2500","60",,
"2501","62",,
"2502","63",,
"2503","64",,
"2504","65",,
"2505","66",,
"2506","65",,
"2507","64",,
"2508","57",,
"2509","58",,
"2510","54",,
"2511","59",,
"2512","56",,
"2513","63",,
"2514","65",,
"2515","64",,
"2516","56",,
"2517","58",,
"2518","59",,
"2519","61",,
"2520","60",,
"2521","64",,
"2522","61",,
"2523","62",,
"2524","58",,
"2525","57",,
"2526","63",,
"2527","54",,
"2528","59",,
"2529","60",,
"2530","62",,
"2531","61",,
"2532","54",,
"2533","58",,
"2534","59",,
"2535","59",,
"2536","60",,
"2537","61",,
"2538","52",,
"2539","51",,
"2540","53",,
"2541","54",,
"2542","53",,
"2543","52",,
"2544","53",,
"2545","59",,
"2546","60",,
"2547","56",,
"2548","60",,
"2549","61",,
"2550","62",,
"2551","63",,
"2552","62",,
"2553","54",,
"2554","53",,
"2555","56",,
"2556","57",,
"2557","55",,
"2558","54",,
"2559","55",,
"2560","55",,
"2561","59",,
"2562","60",,
"2563","61",,
"2564","62",,
"2565","64",,
"2566","67",,
"2567","68",,
"2568","65",,
"2569","62",,
"2570","61",,
"2571","55",,
"2572","57",,
"2573","58",,
"2574","54",,
"2575","56",,
"2576","54",,
"2577","56",,
"2578","58",,
"2579","60",,
"2580","62",,
"2581","63",,
"2582","65",,
"2583","69",,
"2584","71",,
"2585","67",,
"2586","63",,
"2587","55",,
"2588","56",,
"2589","57",,
"2590","61",,
"2591","64",,
"2592","66",,
"2593","65",,
"2594","64",,
"2595","66",,
"2596","67",,
"2597","65",,
"2598","55",,
"2599","56",,
"2600","64",,
"2601","63",,
"2602","62",,
"2603","60",,
"2604","56",,
"2605","57",,
"2606","60",,
"2607","62",,
"2608","63",,
"2609","62",,
"2610","61",,
"2611","62",,
"2612","61",,
"2613","60",,
"2614","59",,
"2615","59",,
"2616","57",,
"2617","60",,
"2618","57",,
"2619","58",,
"2620","57",,
"2621","56",,
"2622","57",,
"2623","59",,
"2624","60",,
"2625","61",,
"2626","62",,
"2627","61",,
"2628","60",,
"2629","57",,
"2630","60",,
"2631","61",,
"2632","62",,
"2633","65",,
"2634","67",,
"2635","63",,
"2636","60",,
"2637","63",,
"2638","66",,
"2639","59",,
"2640","60",,
"2641","61",,
"2642","64",,
"2643","64",,
"2644","62",,
"2645","61",,
"2646","62",,
"2647","63",,
"2648","64",,
"2649","63",,
"2650","61",,
"2651","56",,
"2652","62",,
"2653","60",,
"2654","61",,
"2655","63",,
"2656","65",,
"2657","63",,
"2658","62",,
"2659","60",,
"2660","61",,
"2661","62",,
"2662","61",,
"2663","60",,
"2664","61",,
"2665","62",,
"2666","64",,
"2667","67",,
"2668","64",,
"2669","61",,
"2670","62",,
"2671","64",,
"2672","66",,
"2673","63",,
"2674","63",,
"2675","64",,
"2676","63",,
"2677","62",,
"2678","61",,
"2679","62",,
"2680","61",,
"2681","60",,
"2682","61",,
"2683","61",,
"2684","59",,
"2685","59",,
"2686","56",,
"2687","58",,
"2688","57",,
"2689","57",,
